-- Karari Beauty seed data
-- Generated by scripts/generate-supabase-seed.mjs from data/categories.js and data/products.js.
begin;

insert into public.categories (name, slug, description, product_count_label, image_url, featured, sort_order, is_active)
values
  ('Rakhi', 'rakhi', 'Premium rakhis, hampers and festive gifts.', 'Festival Edit', 'https://images.unsplash.com/photo-1601121141461-9d6647bca1ed?auto=format&fit=crop&w=900&q=80', true, 0, true),
  ('Jewellery', 'jewellery', 'Elegant jewellery pieces for daily and festive styling.', '12+ Products', 'https://images.unsplash.com/photo-1515562141207-7a88fb7ce338?auto=format&fit=crop&w=900&q=80', true, 1, true),
  ('Bangles', 'bangles', 'Traditional and modern bangles for every occasion.', 'Occasion Edit', 'https://images.unsplash.com/photo-1605100804763-247f67b3557e?auto=format&fit=crop&w=900&q=80', false, 2, true),
  ('Handbags', 'handbags', 'Stylish handbags and boutique fashion accessories.', 'New Arrivals', 'https://images.unsplash.com/photo-1594223274512-ad4803739b7c?auto=format&fit=crop&w=900&q=80', false, 3, true),
  ('Watches', 'watches', 'Trendy watches and personal gifting essentials.', 'Gift Picks', 'https://images.unsplash.com/photo-1523170335258-f5ed11844a49?auto=format&fit=crop&w=900&q=80', false, 4, true),
  ('Fancy Items', 'fancy-items', 'Imported and premium fancy items for gifting.', 'Premium Finds', 'https://images.unsplash.com/photo-1522338242992-e1a54906a8da?auto=format&fit=crop&w=900&q=80', false, 5, true),
  ('Wedding Baskets', 'wedding-baskets', 'Decorative baskets for weddings and special moments.', 'Custom Made', 'https://images.unsplash.com/photo-1519741497674-611481863552?auto=format&fit=crop&w=900&q=80', false, 6, true),
  ('Gift Items', 'gift-items', 'Thoughtful gifts for birthdays, festivals and celebrations.', 'Gift Edit', 'https://images.unsplash.com/photo-1512909006721-3d6018887383?auto=format&fit=crop&w=900&q=80', true, 7, true),
  ('Cosmetics', 'cosmetics', 'Makeup and beauty essentials for everyday use.', 'Beauty Edit', 'https://images.unsplash.com/photo-1522335789203-aabd1fc54bc9?auto=format&fit=crop&w=900&q=80', false, 8, true),
  ('Ladies'' Wear', 'ladies-wear', 'Fashion pieces and accessories curated for women.', 'Style Picks', 'https://images.unsplash.com/photo-1483985988355-763728e1935b?auto=format&fit=crop&w=900&q=80', false, 9, true),
  ('Crockery', 'crockery', 'Elegant crockery and home gifting selections.', 'Home Gifts', 'https://images.unsplash.com/photo-1516594798947-e65505dbb29d?auto=format&fit=crop&w=900&q=80', false, 10, true),
  ('Imported Items', 'imported-items', 'Premium imported products and novelty collections.', 'Imported Edit', 'https://images.unsplash.com/photo-1513885535751-8b9238bd345a?auto=format&fit=crop&w=900&q=80', false, 11, true)
on conflict (slug) do update set
  name = excluded.name,
  description = excluded.description,
  product_count_label = excluded.product_count_label,
  image_url = excluded.image_url,
  featured = excluded.featured,
  sort_order = excluded.sort_order,
  is_active = excluded.is_active;

insert into public.products (category_id, name, slug, sku, description, short_description, price, original_price, discount_label, rating, badge, offer, image_url, category_name, category_slug, tags, is_featured, is_active, stock_status, sort_order)
values
  ((select id from public.categories where slug = 'rakhi'), 'Divine Spiritual Om Rakhi', 'divine-spiritual-om-rakhi', 'KB-RK-OM-101', 'A premium blue and gold Rakhi inspired by spiritual motifs and clean festive styling.', 'A premium blue and gold Rakhi inspired by spiritual motifs and clean festive styling.', 449.00, 530.00, 'Festive gift wrap included', 4.7, 'Featured', 'Festive gift wrap included', '/hero/raksha-bandhan-2026.png', 'Rakhi', 'rakhi', array['rakhi']::text[], true, true, 'in_stock', 0),
  ((select id from public.categories where slug = 'rakhi'), 'Set of 2 Kids Rakhi', 'set-of-2-kids-rakhi', 'KB-RK-KD-202', 'Bright but refined kids Rakhi set with soft colors and playful festive detail.', 'Bright but refined kids Rakhi set with soft colors and playful festive detail.', 474.00, 560.00, 'Pair pricing available', 4.8, 'Kids', 'Pair pricing available', '/hero/raksha-bandhan-2026.png', 'Rakhi', 'rakhi', array['rakhi']::text[], true, true, 'in_stock', 1),
  ((select id from public.categories where slug = 'rakhi'), 'Ek Onkar Bracelet Rakhi for Brother', 'ek-onkar-bracelet-rakhi-for-brother', 'KB-RK-EK-303', 'A bracelet style Rakhi with a meaningful motif and keepsake finish.', 'A bracelet style Rakhi with a meaningful motif and keepsake finish.', 379.00, 448.00, 'Premium pouch included', 4.9, 'Bestseller', 'Premium pouch included', 'https://images.unsplash.com/photo-1606760227091-3dd870d97f1d?auto=format&fit=crop&w=1000&q=80', 'Rakhi', 'rakhi', array['rakhi']::text[], true, true, 'in_stock', 2),
  ((select id from public.categories where slug = 'rakhi'), 'Elegant Bhabhi Rakhi', 'elegant-bhabhi-rakhi', 'KB-RK-BH-404', 'A graceful Bhabhi Rakhi with a delicate festive thread and elegant detailing.', 'A graceful Bhabhi Rakhi with a delicate festive thread and elegant detailing.', 125.00, 148.00, 'Add roli chawal card', 4.7, 'Value Pick', 'Add roli chawal card', 'https://images.unsplash.com/photo-1601121141461-9d6647bca1ed?auto=format&fit=crop&w=1000&q=80', 'Rakhi', 'rakhi', array['rakhi']::text[], true, true, 'in_stock', 3),
  ((select id from public.categories where slug = 'gift-items'), 'Set of Two Rakhi with Imported Chocolates Combo', 'set-of-two-rakhi-with-imported-chocolates-combo', 'KB-CB-IM-505', 'Two Rakhi threads paired with imported chocolates for a polished brother-sister gift.', 'Two Rakhi threads paired with imported chocolates for a polished brother-sister gift.', 1201.00, 1418.00, '25% first order offer eligible', 4.8, 'Combo', '25% first order offer eligible', 'https://images.unsplash.com/photo-1548907040-4baa42d10919?auto=format&fit=crop&w=1000&q=80', 'Gift Hampers', 'gift-items', array['gift-hampers']::text[], true, true, 'in_stock', 4),
  ((select id from public.categories where slug = 'gift-items'), 'Ferrero Rochers Chocolate 16 Pcs Pack', 'ferrero-rochers-chocolate-16-pcs-pack', 'KB-GF-FR-616', 'A premium chocolate add-on for Rakhi hampers and festive gifting.', 'A premium chocolate add-on for Rakhi hampers and festive gifting.', 699.00, 825.00, 'Gift note available', 4.9, 'Gift Add-on', 'Gift note available', 'https://images.unsplash.com/photo-1606312619070-d48b4c652a52?auto=format&fit=crop&w=1000&q=80', 'Gift Items', 'gift-items', array['gift-items']::text[], true, true, 'in_stock', 5),
  ((select id from public.categories where slug = 'gift-items'), 'Prosperous Festive Gift Hamper', 'prosperous-festive-gift-hamper', 'KB-HP-PR-707', 'A refined festive hamper with sweets, dry fruits and premium gifting presentation.', 'A refined festive hamper with sweets, dry fruits and premium gifting presentation.', 4301.00, 5076.00, 'Custom hamper inquiry', 4.7, 'Luxury', 'Custom hamper inquiry', 'https://images.unsplash.com/photo-1513885535751-8b9238bd345a?auto=format&fit=crop&w=1000&q=80', 'Gift Hampers', 'gift-items', array['gift-hampers']::text[], true, true, 'in_stock', 6),
  ((select id from public.categories where slug = 'jewellery'), 'Pearl Glow Jewellery Set', 'pearl-glow-jewellery-set', 'KB-JW-PL-808', 'A soft pearl-inspired jewellery set for festive evenings and gifting.', 'A soft pearl-inspired jewellery set for festive evenings and gifting.', 1899.00, 2241.00, 'Boutique box packaging', 4.8, 'Karari Edit', 'Boutique box packaging', 'https://images.unsplash.com/photo-1599643478518-a784e5dc4c8f?auto=format&fit=crop&w=1000&q=80', 'Jewellery', 'jewellery', array['jewellery']::text[], true, true, 'in_stock', 7),
  ((select id from public.categories where slug = 'bangles'), 'Antique Gold Bangle Pair', 'antique-gold-bangle-pair', 'KB-BG-AG-909', 'A classic antique-gold bangle pair with boutique festive shine.', 'A classic antique-gold bangle pair with boutique festive shine.', 1499.00, 1769.00, 'Size confirmation on WhatsApp', 4.9, 'Occasion', 'Size confirmation on WhatsApp', 'https://images.unsplash.com/photo-1611591437281-460bfbe1220a?auto=format&fit=crop&w=1000&q=80', 'Bangles', 'bangles', array['bangles']::text[], true, true, 'in_stock', 8),
  ((select id from public.categories where slug = 'handbags'), 'Wine Evening Handbag', 'wine-evening-handbag', 'KB-HB-WN-110', 'A compact evening handbag with a polished finish for festive outfits.', 'A compact evening handbag with a polished finish for festive outfits.', 2299.00, 2713.00, 'Color options on inquiry', 4.7, 'New', 'Color options on inquiry', 'https://images.unsplash.com/photo-1584917865442-de89df76afd3?auto=format&fit=crop&w=1000&q=80', 'Handbags', 'handbags', array['handbags']::text[], true, true, 'in_stock', 9),
  ((select id from public.categories where slug = 'watches'), 'Rose Classic Watch', 'rose-classic-watch', 'KB-WT-RS-111', 'An elegant watch option for thoughtful premium gifting.', 'An elegant watch option for thoughtful premium gifting.', 2499.00, 2949.00, 'Gift-ready packaging', 4.8, 'Gift', 'Gift-ready packaging', 'https://images.unsplash.com/photo-1526045431048-f857369baa09?auto=format&fit=crop&w=1000&q=80', 'Watches', 'watches', array['watches']::text[], true, true, 'in_stock', 10),
  ((select id from public.categories where slug = 'wedding-baskets'), 'Golden Wedding Basket', 'golden-wedding-basket', 'KB-WB-GL-112', 'A premium basket base for wedding ceremonies, family gifts and presentation sets.', 'A premium basket base for wedding ceremonies, family gifts and presentation sets.', 3299.00, 3893.00, 'Customization available', 4.9, 'Custom', 'Customization available', 'https://images.unsplash.com/photo-1511285560929-80b456fea0bc?auto=format&fit=crop&w=1000&q=80', 'Wedding Baskets', 'wedding-baskets', array['wedding-baskets']::text[], true, true, 'in_stock', 11),
  ((select id from public.categories where slug = 'fancy-items'), 'Crystal Fancy Keepsake', 'crystal-fancy-keepsake', 'KB-FN-CR-113', 'A polished fancy keepsake for gifting, decor and festive add-ons.', 'A polished fancy keepsake for gifting, decor and festive add-ons.', 899.00, 1061.00, 'Gift wrap available', 4.7, 'Imported', 'Gift wrap available', 'https://images.unsplash.com/photo-1522338242992-e1a54906a8da?auto=format&fit=crop&w=1000&q=80', 'Fancy Items', 'fancy-items', array['fancy-items']::text[], true, true, 'in_stock', 12),
  ((select id from public.categories where slug = 'cosmetics'), 'Everyday Glow Cosmetics Kit', 'everyday-glow-cosmetics-kit', 'KB-CS-GL-114', 'A curated cosmetics kit with daily-use beauty essentials and a boutique finish.', 'A curated cosmetics kit with daily-use beauty essentials and a boutique finish.', 1299.00, 1533.00, 'Beauty combo inquiry', 4.8, 'Beauty', 'Beauty combo inquiry', 'https://images.unsplash.com/photo-1522335789203-aabd1fc54bc9?auto=format&fit=crop&w=1000&q=80', 'Cosmetics', 'cosmetics', array['cosmetics']::text[], true, true, 'in_stock', 13),
  ((select id from public.categories where slug = 'ladies-wear'), 'Festive Ladies'' Wear Dupatta', 'festive-ladies-wear-dupatta', 'KB-LW-FD-115', 'A graceful festive fashion piece curated for everyday and celebration styling.', 'A graceful festive fashion piece curated for everyday and celebration styling.', 1599.00, 1887.00, 'Color options on inquiry', 4.9, 'Style', 'Color options on inquiry', 'https://images.unsplash.com/photo-1483985988355-763728e1935b?auto=format&fit=crop&w=1000&q=80', 'Ladies'' Wear', 'ladies-wear', array['ladies-wear']::text[], true, true, 'in_stock', 14),
  ((select id from public.categories where slug = 'crockery'), 'Elegant Crockery Tea Set', 'elegant-crockery-tea-set', 'KB-CR-TS-116', 'An elegant crockery selection for home gifting and premium hosting.', 'An elegant crockery selection for home gifting and premium hosting.', 2199.00, 2595.00, 'Packed for gifting', 4.7, 'Home Gift', 'Packed for gifting', 'https://images.unsplash.com/photo-1516594798947-e65505dbb29d?auto=format&fit=crop&w=1000&q=80', 'Crockery', 'crockery', array['crockery']::text[], true, true, 'in_stock', 15),
  ((select id from public.categories where slug = 'imported-items'), 'Imported Novelty Gift Box', 'imported-novelty-gift-box', 'KB-IM-NV-117', 'A premium imported gift selection with novelty appeal and boutique packaging.', 'A premium imported gift selection with novelty appeal and boutique packaging.', 1899.00, 2241.00, 'Imported selection', 4.8, 'New', 'Imported selection', 'https://images.unsplash.com/photo-1513885535751-8b9238bd345a?auto=format&fit=crop&w=1000&q=80', 'Imported Items', 'imported-items', array['imported-items']::text[], true, true, 'in_stock', 16),
  ((select id from public.categories where slug = 'rakhi'), 'Royal Kundan Rakhi Set', 'royal-kundan-rakhi-set', 'KB-RA-0101', 'A refined Kundan rakhi set with traditional shine and gift-ready presentation.', 'A refined Kundan rakhi set with traditional shine and gift-ready presentation.', 549.00, 699.00, 'Festive Offer', 4.6, null, null, 'https://images.unsplash.com/photo-1601121141461-9d6647bca1ed?auto=format&fit=crop&w=1000&q=80', 'Rakhi', 'rakhi', array['festival', 'rakhi', 'gifting']::text[], true, true, 'in_stock', 17),
  ((select id from public.categories where slug = 'rakhi'), 'Pearl Bead Rakhi Pair', 'pearl-bead-rakhi-pair', 'KB-RA-0102', 'Soft pearl detailing for a graceful Raksha Bandhan celebration.', 'Soft pearl detailing for a graceful Raksha Bandhan celebration.', 399.00, 499.00, 'Pair Edit', 4.7, null, null, 'https://images.unsplash.com/photo-1601121141461-9d6647bca1ed?auto=format&fit=crop&w=1000&q=80', 'Rakhi', 'rakhi', array['festival', 'rakhi', 'gifting']::text[], true, true, 'in_stock', 18),
  ((select id from public.categories where slug = 'rakhi'), 'Designer Mauli Rakhi', 'designer-mauli-rakhi', 'KB-RA-0103', 'A festive mauli rakhi with premium thread work and elegant accents.', 'A festive mauli rakhi with premium thread work and elegant accents.', 299.00, 399.00, 'New Arrival', 4.8, null, null, 'https://images.unsplash.com/photo-1601121141461-9d6647bca1ed?auto=format&fit=crop&w=1000&q=80', 'Rakhi', 'rakhi', array['festival', 'rakhi', 'gifting']::text[], false, true, 'in_stock', 19),
  ((select id from public.categories where slug = 'rakhi'), 'Silver Charm Rakhi', 'silver-charm-rakhi', 'KB-RA-0104', 'A keepsake-style rakhi with a polished charm finish for brothers.', 'A keepsake-style rakhi with a polished charm finish for brothers.', 649.00, 799.00, 'Premium Pick', 4.9, null, null, 'https://images.unsplash.com/photo-1601121141461-9d6647bca1ed?auto=format&fit=crop&w=1000&q=80', 'Rakhi', 'rakhi', array['festival', 'rakhi', 'gifting']::text[], false, true, 'in_stock', 20),
  ((select id from public.categories where slug = 'rakhi'), 'Kids Cartoon Rakhi Combo', 'kids-cartoon-rakhi-combo', 'KB-RA-0105', 'A cheerful kids rakhi combo with bright details and festive packaging.', 'A cheerful kids rakhi combo with bright details and festive packaging.', 349.00, 449.00, 'Kids Edit', 4.6, null, null, 'https://images.unsplash.com/photo-1601121141461-9d6647bca1ed?auto=format&fit=crop&w=1000&q=80', 'Rakhi', 'rakhi', array['festival', 'rakhi', 'gifting']::text[], false, true, 'in_stock', 21),
  ((select id from public.categories where slug = 'jewellery'), 'Antique Pendant Jewellery Set', 'antique-pendant-jewellery-set', 'KB-JE-0201', 'An antique-inspired pendant set for festive dressing and gifting.', 'An antique-inspired pendant set for festive dressing and gifting.', 2199.00, 2699.00, 'Karari Edit', 4.7, null, null, 'https://images.unsplash.com/photo-1599643478518-a784e5dc4c8f?auto=format&fit=crop&w=1000&q=80', 'Jewellery', 'jewellery', array['jewellery', 'styling', 'gifting']::text[], true, true, 'in_stock', 22),
  ((select id from public.categories where slug = 'jewellery'), 'Rose Pearl Earrings', 'rose-pearl-earrings', 'KB-JE-0202', 'Pearl earrings with soft rose tones for daily elegance.', 'Pearl earrings with soft rose tones for daily elegance.', 899.00, 1099.00, 'Gift Pick', 4.8, null, null, 'https://images.unsplash.com/photo-1599643478518-a784e5dc4c8f?auto=format&fit=crop&w=1000&q=80', 'Jewellery', 'jewellery', array['jewellery', 'styling', 'gifting']::text[], true, true, 'in_stock', 23),
  ((select id from public.categories where slug = 'jewellery'), 'Meenakari Choker Set', 'meenakari-choker-set', 'KB-JE-0203', 'A colourful choker set with festive meenakari detailing.', 'A colourful choker set with festive meenakari detailing.', 2499.00, 3199.00, 'Occasion Edit', 4.9, null, null, 'https://images.unsplash.com/photo-1599643478518-a784e5dc4c8f?auto=format&fit=crop&w=1000&q=80', 'Jewellery', 'jewellery', array['jewellery', 'styling', 'gifting']::text[], false, true, 'in_stock', 24),
  ((select id from public.categories where slug = 'jewellery'), 'Gold Tone Bracelet', 'gold-tone-bracelet', 'KB-JE-0204', 'A sleek bracelet for everyday polish and thoughtful gifting.', 'A sleek bracelet for everyday polish and thoughtful gifting.', 799.00, 999.00, 'Everyday Style', 4.6, null, null, 'https://images.unsplash.com/photo-1599643478518-a784e5dc4c8f?auto=format&fit=crop&w=1000&q=80', 'Jewellery', 'jewellery', array['jewellery', 'styling', 'gifting']::text[], false, true, 'in_stock', 25),
  ((select id from public.categories where slug = 'jewellery'), 'Crystal Stud Combo', 'crystal-stud-combo', 'KB-JE-0205', 'A curated stud combo for easy styling across occasions.', 'A curated stud combo for easy styling across occasions.', 699.00, 899.00, 'Value Combo', 4.7, null, null, 'https://images.unsplash.com/photo-1599643478518-a784e5dc4c8f?auto=format&fit=crop&w=1000&q=80', 'Jewellery', 'jewellery', array['jewellery', 'styling', 'gifting']::text[], false, true, 'in_stock', 26),
  ((select id from public.categories where slug = 'bangles'), 'Rose Gold Bangle Stack', 'rose-gold-bangle-stack', 'KB-BA-0301', 'A rose gold bangle stack with soft festive shimmer.', 'A rose gold bangle stack with soft festive shimmer.', 1299.00, 1599.00, 'New Arrival', 4.8, null, null, 'https://images.unsplash.com/photo-1611591437281-460bfbe1220a?auto=format&fit=crop&w=1000&q=80', 'Bangles', 'bangles', array['bangles', 'occasion', 'traditional']::text[], true, true, 'in_stock', 27),
  ((select id from public.categories where slug = 'bangles'), 'Kundan Bridal Bangles', 'kundan-bridal-bangles', 'KB-BA-0302', 'Statement bangles with Kundan-inspired detailing for celebrations.', 'Statement bangles with Kundan-inspired detailing for celebrations.', 2299.00, 2799.00, 'Bridal Edit', 4.9, null, null, 'https://images.unsplash.com/photo-1611591437281-460bfbe1220a?auto=format&fit=crop&w=1000&q=80', 'Bangles', 'bangles', array['bangles', 'occasion', 'traditional']::text[], true, true, 'in_stock', 28),
  ((select id from public.categories where slug = 'bangles'), 'Daily Wear Bangle Pair', 'daily-wear-bangle-pair', 'KB-BA-0303', 'A comfortable bangle pair for simple daily styling.', 'A comfortable bangle pair for simple daily styling.', 699.00, 899.00, 'Everyday Pick', 4.6, null, null, 'https://images.unsplash.com/photo-1611591437281-460bfbe1220a?auto=format&fit=crop&w=1000&q=80', 'Bangles', 'bangles', array['bangles', 'occasion', 'traditional']::text[], false, true, 'in_stock', 29),
  ((select id from public.categories where slug = 'bangles'), 'Pearl Accent Bangles', 'pearl-accent-bangles', 'KB-BA-0304', 'Pearl-accented bangles made for elegant occasion looks.', 'Pearl-accented bangles made for elegant occasion looks.', 1199.00, 1499.00, 'Premium Pick', 4.7, null, null, 'https://images.unsplash.com/photo-1611591437281-460bfbe1220a?auto=format&fit=crop&w=1000&q=80', 'Bangles', 'bangles', array['bangles', 'occasion', 'traditional']::text[], false, true, 'in_stock', 30),
  ((select id from public.categories where slug = 'bangles'), 'Traditional Red Chooda Set', 'traditional-red-chooda-set', 'KB-BA-0305', 'A traditional red chooda-style set for weddings and ceremonies.', 'A traditional red chooda-style set for weddings and ceremonies.', 1799.00, 2199.00, 'Festive Edit', 4.8, null, null, 'https://images.unsplash.com/photo-1611591437281-460bfbe1220a?auto=format&fit=crop&w=1000&q=80', 'Bangles', 'bangles', array['bangles', 'occasion', 'traditional']::text[], false, true, 'in_stock', 31),
  ((select id from public.categories where slug = 'handbags'), 'Blush Quilted Sling Bag', 'blush-quilted-sling-bag', 'KB-HA-0401', 'A blush sling bag with quilted texture and boutique appeal.', 'A blush sling bag with quilted texture and boutique appeal.', 1899.00, 2299.00, 'New Arrival', 4.9, null, null, 'https://images.unsplash.com/photo-1584917865442-de89df76afd3?auto=format&fit=crop&w=1000&q=80', 'Handbags', 'handbags', array['handbags', 'fashion', 'accessories']::text[], true, true, 'in_stock', 32),
  ((select id from public.categories where slug = 'handbags'), 'Classic Black Handbag', 'classic-black-handbag', 'KB-HA-0402', 'A structured handbag for daily wear and smart gifting.', 'A structured handbag for daily wear and smart gifting.', 2499.00, 2999.00, 'Bestseller', 4.6, null, null, 'https://images.unsplash.com/photo-1584917865442-de89df76afd3?auto=format&fit=crop&w=1000&q=80', 'Handbags', 'handbags', array['handbags', 'fashion', 'accessories']::text[], true, true, 'in_stock', 33),
  ((select id from public.categories where slug = 'handbags'), 'Gold Chain Evening Clutch', 'gold-chain-evening-clutch', 'KB-HA-0403', 'A compact clutch with gold chain detailing for celebration looks.', 'A compact clutch with gold chain detailing for celebration looks.', 1599.00, 1999.00, 'Party Edit', 4.7, null, null, 'https://images.unsplash.com/photo-1584917865442-de89df76afd3?auto=format&fit=crop&w=1000&q=80', 'Handbags', 'handbags', array['handbags', 'fashion', 'accessories']::text[], false, true, 'in_stock', 34),
  ((select id from public.categories where slug = 'handbags'), 'Tan Everyday Tote', 'tan-everyday-tote', 'KB-HA-0404', 'A spacious tote designed for everyday styling and utility.', 'A spacious tote designed for everyday styling and utility.', 2199.00, 2599.00, 'Everyday Style', 4.8, null, null, 'https://images.unsplash.com/photo-1584917865442-de89df76afd3?auto=format&fit=crop&w=1000&q=80', 'Handbags', 'handbags', array['handbags', 'fashion', 'accessories']::text[], false, true, 'in_stock', 35),
  ((select id from public.categories where slug = 'handbags'), 'Pearl Embellished Potli', 'pearl-embellished-potli', 'KB-HA-0405', 'A festive potli bag with pearl accents and soft finish.', 'A festive potli bag with pearl accents and soft finish.', 999.00, 1299.00, 'Festive Pick', 4.9, null, null, 'https://images.unsplash.com/photo-1584917865442-de89df76afd3?auto=format&fit=crop&w=1000&q=80', 'Handbags', 'handbags', array['handbags', 'fashion', 'accessories']::text[], false, true, 'in_stock', 36),
  ((select id from public.categories where slug = 'watches'), 'Gold Mesh Watch', 'gold-mesh-watch', 'KB-WA-0501', 'A sleek gold mesh watch for polished everyday wear.', 'A sleek gold mesh watch for polished everyday wear.', 2299.00, 2699.00, 'Gift Pick', 4.6, null, null, 'https://images.unsplash.com/photo-1526045431048-f857369baa09?auto=format&fit=crop&w=1000&q=80', 'Watches', 'watches', array['watches', 'gifting', 'accessories']::text[], true, true, 'in_stock', 37),
  ((select id from public.categories where slug = 'watches'), 'Minimal Rose Watch', 'minimal-rose-watch', 'KB-WA-0502', 'A minimal rose-tone watch designed for thoughtful gifting.', 'A minimal rose-tone watch designed for thoughtful gifting.', 1999.00, 2399.00, 'New Arrival', 4.7, null, null, 'https://images.unsplash.com/photo-1526045431048-f857369baa09?auto=format&fit=crop&w=1000&q=80', 'Watches', 'watches', array['watches', 'gifting', 'accessories']::text[], true, true, 'in_stock', 38),
  ((select id from public.categories where slug = 'watches'), 'Classic Leather Watch', 'classic-leather-watch', 'KB-WA-0503', 'A classic leather strap watch with boutique simplicity.', 'A classic leather strap watch with boutique simplicity.', 1799.00, 2199.00, 'Everyday Pick', 4.8, null, null, 'https://images.unsplash.com/photo-1526045431048-f857369baa09?auto=format&fit=crop&w=1000&q=80', 'Watches', 'watches', array['watches', 'gifting', 'accessories']::text[], false, true, 'in_stock', 39),
  ((select id from public.categories where slug = 'watches'), 'Crystal Dial Watch', 'crystal-dial-watch', 'KB-WA-0504', 'A crystal-accented watch for refined festive styling.', 'A crystal-accented watch for refined festive styling.', 2599.00, 3199.00, 'Premium Pick', 4.9, null, null, 'https://images.unsplash.com/photo-1526045431048-f857369baa09?auto=format&fit=crop&w=1000&q=80', 'Watches', 'watches', array['watches', 'gifting', 'accessories']::text[], false, true, 'in_stock', 40),
  ((select id from public.categories where slug = 'watches'), 'Couple Watch Gift Set', 'couple-watch-gift-set', 'KB-WA-0505', 'A matching watch set for anniversaries and special occasions.', 'A matching watch set for anniversaries and special occasions.', 3999.00, 4899.00, 'Gift Set', 4.6, null, null, 'https://images.unsplash.com/photo-1526045431048-f857369baa09?auto=format&fit=crop&w=1000&q=80', 'Watches', 'watches', array['watches', 'gifting', 'accessories']::text[], false, true, 'in_stock', 41),
  ((select id from public.categories where slug = 'fancy-items'), 'Decorative Crystal Showpiece', 'decorative-crystal-showpiece', 'KB-FA-0601', 'A crystal showpiece selected for gifting and home styling.', 'A crystal showpiece selected for gifting and home styling.', 1299.00, 1599.00, 'Imported Pick', 4.7, null, null, 'https://images.unsplash.com/photo-1522338242992-e1a54906a8da?auto=format&fit=crop&w=1000&q=80', 'Fancy Items', 'fancy-items', array['fancy', 'novelty', 'gifting']::text[], true, true, 'in_stock', 42),
  ((select id from public.categories where slug = 'fancy-items'), 'Premium Vanity Mirror', 'premium-vanity-mirror', 'KB-FA-0602', 'A compact vanity mirror with a polished boutique finish.', 'A compact vanity mirror with a polished boutique finish.', 899.00, 1199.00, 'Beauty Edit', 4.8, null, null, 'https://images.unsplash.com/photo-1522338242992-e1a54906a8da?auto=format&fit=crop&w=1000&q=80', 'Fancy Items', 'fancy-items', array['fancy', 'novelty', 'gifting']::text[], true, true, 'in_stock', 43),
  ((select id from public.categories where slug = 'fancy-items'), 'Elegant Keychain Gift Set', 'elegant-keychain-gift-set', 'KB-FA-0603', 'A premium keychain set for small yet memorable gifting.', 'A premium keychain set for small yet memorable gifting.', 499.00, 699.00, 'Gift Add-on', 4.9, null, null, 'https://images.unsplash.com/photo-1522338242992-e1a54906a8da?auto=format&fit=crop&w=1000&q=80', 'Fancy Items', 'fancy-items', array['fancy', 'novelty', 'gifting']::text[], false, true, 'in_stock', 44),
  ((select id from public.categories where slug = 'fancy-items'), 'Scented Candle Jar', 'scented-candle-jar', 'KB-FA-0604', 'A softly scented candle jar for calming decor and gifting.', 'A softly scented candle jar for calming decor and gifting.', 799.00, 999.00, 'Home Gift', 4.6, null, null, 'https://images.unsplash.com/photo-1522338242992-e1a54906a8da?auto=format&fit=crop&w=1000&q=80', 'Fancy Items', 'fancy-items', array['fancy', 'novelty', 'gifting']::text[], false, true, 'in_stock', 45),
  ((select id from public.categories where slug = 'fancy-items'), 'Mini Jewellery Organizer', 'mini-jewellery-organizer', 'KB-FA-0605', 'A compact organiser for jewellery, trinkets and travel essentials.', 'A compact organiser for jewellery, trinkets and travel essentials.', 999.00, 1299.00, 'Useful Pick', 4.7, null, null, 'https://images.unsplash.com/photo-1522338242992-e1a54906a8da?auto=format&fit=crop&w=1000&q=80', 'Fancy Items', 'fancy-items', array['fancy', 'novelty', 'gifting']::text[], false, true, 'in_stock', 46),
  ((select id from public.categories where slug = 'wedding-baskets'), 'Velvet Wedding Basket', 'velvet-wedding-basket', 'KB-WE-0701', 'A velvet-finished basket for wedding rituals and premium gifting.', 'A velvet-finished basket for wedding rituals and premium gifting.', 2799.00, 3299.00, 'Custom Edit', 4.8, null, null, 'https://images.unsplash.com/photo-1511285560929-80b456fea0bc?auto=format&fit=crop&w=1000&q=80', 'Wedding Baskets', 'wedding-baskets', array['wedding', 'baskets', 'gifting']::text[], true, true, 'in_stock', 47),
  ((select id from public.categories where slug = 'wedding-baskets'), 'Floral Ceremony Basket', 'floral-ceremony-basket', 'KB-WE-0702', 'A floral basket designed for ceremonies and festive presentation.', 'A floral basket designed for ceremonies and festive presentation.', 1999.00, 2499.00, 'Occasion Pick', 4.9, null, null, 'https://images.unsplash.com/photo-1511285560929-80b456fea0bc?auto=format&fit=crop&w=1000&q=80', 'Wedding Baskets', 'wedding-baskets', array['wedding', 'baskets', 'gifting']::text[], true, true, 'in_stock', 48),
  ((select id from public.categories where slug = 'wedding-baskets'), 'Gold Trim Gift Basket', 'gold-trim-gift-basket', 'KB-WE-0703', 'A gold-trim basket for polished family gifting moments.', 'A gold-trim basket for polished family gifting moments.', 2299.00, 2799.00, 'Premium Pick', 4.6, null, null, 'https://images.unsplash.com/photo-1511285560929-80b456fea0bc?auto=format&fit=crop&w=1000&q=80', 'Wedding Baskets', 'wedding-baskets', array['wedding', 'baskets', 'gifting']::text[], false, true, 'in_stock', 49),
  ((select id from public.categories where slug = 'wedding-baskets'), 'Bride Hamper Basket', 'bride-hamper-basket', 'KB-WE-0704', 'A decorative hamper basket curated for bridal celebrations.', 'A decorative hamper basket curated for bridal celebrations.', 3499.00, 4299.00, 'Wedding Edit', 4.7, null, null, 'https://images.unsplash.com/photo-1511285560929-80b456fea0bc?auto=format&fit=crop&w=1000&q=80', 'Wedding Baskets', 'wedding-baskets', array['wedding', 'baskets', 'gifting']::text[], false, true, 'in_stock', 50),
  ((select id from public.categories where slug = 'wedding-baskets'), 'Traditional Pooja Basket', 'traditional-pooja-basket', 'KB-WE-0705', 'A traditional basket suited for pooja, ceremonies and festive gifting.', 'A traditional basket suited for pooja, ceremonies and festive gifting.', 1599.00, 1999.00, 'Ritual Pick', 4.8, null, null, 'https://images.unsplash.com/photo-1511285560929-80b456fea0bc?auto=format&fit=crop&w=1000&q=80', 'Wedding Baskets', 'wedding-baskets', array['wedding', 'baskets', 'gifting']::text[], false, true, 'in_stock', 51),
  ((select id from public.categories where slug = 'gift-items'), 'Premium Celebration Gift Box', 'premium-celebration-gift-box', 'KB-GI-0801', 'A gift-ready box for birthdays, festivals and family celebrations.', 'A gift-ready box for birthdays, festivals and family celebrations.', 1799.00, 2199.00, 'Gift Edit', 4.9, null, null, 'https://images.unsplash.com/photo-1512909006721-3d6018887383?auto=format&fit=crop&w=1000&q=80', 'Gift Items', 'gift-items', array['gifts', 'celebration', 'hamper']::text[], true, true, 'in_stock', 52),
  ((select id from public.categories where slug = 'gift-items'), 'Dry Fruit Gift Tray', 'dry-fruit-gift-tray', 'KB-GI-0802', 'A premium dry fruit tray with elegant presentation.', 'A premium dry fruit tray with elegant presentation.', 2499.00, 2999.00, 'Festive Pick', 4.6, null, null, 'https://images.unsplash.com/photo-1512909006721-3d6018887383?auto=format&fit=crop&w=1000&q=80', 'Gift Items', 'gift-items', array['gifts', 'celebration', 'hamper']::text[], true, true, 'in_stock', 53),
  ((select id from public.categories where slug = 'gift-items'), 'Chocolate Gift Basket', 'chocolate-gift-basket', 'KB-GI-0803', 'A chocolate basket for thoughtful festive and birthday gifting.', 'A chocolate basket for thoughtful festive and birthday gifting.', 1299.00, 1599.00, 'Sweet Gift', 4.7, null, null, 'https://images.unsplash.com/photo-1512909006721-3d6018887383?auto=format&fit=crop&w=1000&q=80', 'Gift Items', 'gift-items', array['gifts', 'celebration', 'hamper']::text[], false, true, 'in_stock', 54),
  ((select id from public.categories where slug = 'gift-items'), 'Personal Care Gift Set', 'personal-care-gift-set', 'KB-GI-0804', 'A curated personal care set for practical and warm gifting.', 'A curated personal care set for practical and warm gifting.', 999.00, 1299.00, 'Useful Pick', 4.8, null, null, 'https://images.unsplash.com/photo-1512909006721-3d6018887383?auto=format&fit=crop&w=1000&q=80', 'Gift Items', 'gift-items', array['gifts', 'celebration', 'hamper']::text[], false, true, 'in_stock', 55),
  ((select id from public.categories where slug = 'gift-items'), 'Luxury Keepsake Gift Hamper', 'luxury-keepsake-gift-hamper', 'KB-GI-0805', 'A premium hamper with keepsake styling and celebration-ready details.', 'A premium hamper with keepsake styling and celebration-ready details.', 3999.00, 4899.00, 'Luxury Edit', 4.9, null, null, 'https://images.unsplash.com/photo-1512909006721-3d6018887383?auto=format&fit=crop&w=1000&q=80', 'Gift Items', 'gift-items', array['gifts', 'celebration', 'hamper']::text[], false, true, 'in_stock', 56),
  ((select id from public.categories where slug = 'cosmetics'), 'Soft Glam Makeup Kit', 'soft-glam-makeup-kit', 'KB-CO-0901', 'A soft glam kit curated for daily and festive beauty looks.', 'A soft glam kit curated for daily and festive beauty looks.', 1599.00, 1999.00, 'Beauty Edit', 4.6, null, null, 'https://images.unsplash.com/photo-1522335789203-aabd1fc54bc9?auto=format&fit=crop&w=1000&q=80', 'Cosmetics', 'cosmetics', array['cosmetics', 'beauty', 'makeup']::text[], true, true, 'in_stock', 57),
  ((select id from public.categories where slug = 'cosmetics'), 'Matte Lip Color Set', 'matte-lip-color-set', 'KB-CO-0902', 'A set of matte lip colours for everyday use and gifting.', 'A set of matte lip colours for everyday use and gifting.', 799.00, 999.00, 'Bestseller', 4.7, null, null, 'https://images.unsplash.com/photo-1522335789203-aabd1fc54bc9?auto=format&fit=crop&w=1000&q=80', 'Cosmetics', 'cosmetics', array['cosmetics', 'beauty', 'makeup']::text[], true, true, 'in_stock', 58),
  ((select id from public.categories where slug = 'cosmetics'), 'Glow Compact Powder', 'glow-compact-powder', 'KB-CO-0903', 'A compact powder for smooth finishing and daily touch-ups.', 'A compact powder for smooth finishing and daily touch-ups.', 599.00, 749.00, 'Daily Pick', 4.8, null, null, 'https://images.unsplash.com/photo-1522335789203-aabd1fc54bc9?auto=format&fit=crop&w=1000&q=80', 'Cosmetics', 'cosmetics', array['cosmetics', 'beauty', 'makeup']::text[], false, true, 'in_stock', 59),
  ((select id from public.categories where slug = 'cosmetics'), 'Beauty Brush Set', 'beauty-brush-set', 'KB-CO-0904', 'A brush set for clean makeup application and beauty gifting.', 'A brush set for clean makeup application and beauty gifting.', 899.00, 1199.00, 'Useful Pick', 4.9, null, null, 'https://images.unsplash.com/photo-1522335789203-aabd1fc54bc9?auto=format&fit=crop&w=1000&q=80', 'Cosmetics', 'cosmetics', array['cosmetics', 'beauty', 'makeup']::text[], false, true, 'in_stock', 60),
  ((select id from public.categories where slug = 'cosmetics'), 'Festive Eye Palette', 'festive-eye-palette', 'KB-CO-0905', 'An eye palette with celebration-ready shades and soft shimmer.', 'An eye palette with celebration-ready shades and soft shimmer.', 1299.00, 1699.00, 'Festive Edit', 4.6, null, null, 'https://images.unsplash.com/photo-1522335789203-aabd1fc54bc9?auto=format&fit=crop&w=1000&q=80', 'Cosmetics', 'cosmetics', array['cosmetics', 'beauty', 'makeup']::text[], false, true, 'in_stock', 61),
  ((select id from public.categories where slug = 'ladies-wear'), 'Printed Festive Kurti', 'printed-festive-kurti', 'KB-LA-1001', 'A printed kurti for everyday comfort and festive styling.', 'A printed kurti for everyday comfort and festive styling.', 1199.00, 1499.00, 'Style Pick', 4.7, null, null, 'https://images.unsplash.com/photo-1483985988355-763728e1935b?auto=format&fit=crop&w=1000&q=80', 'Ladies'' Wear', 'ladies-wear', array['fashion', 'ladies-wear', 'style']::text[], true, true, 'in_stock', 62),
  ((select id from public.categories where slug = 'ladies-wear'), 'Embroidered Dupatta', 'embroidered-dupatta', 'KB-LA-1002', 'An embroidered dupatta for pairing with ethnic outfits.', 'An embroidered dupatta for pairing with ethnic outfits.', 999.00, 1299.00, 'Festive Pick', 4.8, null, null, 'https://images.unsplash.com/photo-1483985988355-763728e1935b?auto=format&fit=crop&w=1000&q=80', 'Ladies'' Wear', 'ladies-wear', array['fashion', 'ladies-wear', 'style']::text[], true, true, 'in_stock', 63),
  ((select id from public.categories where slug = 'ladies-wear'), 'Boutique Scarf Set', 'boutique-scarf-set', 'KB-LA-1003', 'A soft scarf set curated for daily wear and gifting.', 'A soft scarf set curated for daily wear and gifting.', 699.00, 899.00, 'Everyday Style', 4.9, null, null, 'https://images.unsplash.com/photo-1483985988355-763728e1935b?auto=format&fit=crop&w=1000&q=80', 'Ladies'' Wear', 'ladies-wear', array['fashion', 'ladies-wear', 'style']::text[], false, true, 'in_stock', 64),
  ((select id from public.categories where slug = 'ladies-wear'), 'Elegant Stole Wrap', 'elegant-stole-wrap', 'KB-LA-1004', 'A refined stole wrap for layered styling and special outings.', 'A refined stole wrap for layered styling and special outings.', 899.00, 1199.00, 'New Arrival', 4.6, null, null, 'https://images.unsplash.com/photo-1483985988355-763728e1935b?auto=format&fit=crop&w=1000&q=80', 'Ladies'' Wear', 'ladies-wear', array['fashion', 'ladies-wear', 'style']::text[], false, true, 'in_stock', 65),
  ((select id from public.categories where slug = 'ladies-wear'), 'Occasion Wear Tunic', 'occasion-wear-tunic', 'KB-LA-1005', 'A boutique tunic for celebrations and polished daywear.', 'A boutique tunic for celebrations and polished daywear.', 1499.00, 1899.00, 'Occasion Edit', 4.7, null, null, 'https://images.unsplash.com/photo-1483985988355-763728e1935b?auto=format&fit=crop&w=1000&q=80', 'Ladies'' Wear', 'ladies-wear', array['fashion', 'ladies-wear', 'style']::text[], false, true, 'in_stock', 66),
  ((select id from public.categories where slug = 'crockery'), 'Floral Cup Saucer Set', 'floral-cup-saucer-set', 'KB-CR-1101', 'A floral cup and saucer set for elegant tea-time gifting.', 'A floral cup and saucer set for elegant tea-time gifting.', 1299.00, 1599.00, 'Home Gift', 4.8, null, null, 'https://images.unsplash.com/photo-1516594798947-e65505dbb29d?auto=format&fit=crop&w=1000&q=80', 'Crockery', 'crockery', array['crockery', 'home', 'gifting']::text[], true, true, 'in_stock', 67),
  ((select id from public.categories where slug = 'crockery'), 'Ceramic Dinner Bowl Set', 'ceramic-dinner-bowl-set', 'KB-CR-1102', 'A ceramic bowl set for hosting and home gifting.', 'A ceramic bowl set for hosting and home gifting.', 1499.00, 1899.00, 'Useful Pick', 4.9, null, null, 'https://images.unsplash.com/photo-1516594798947-e65505dbb29d?auto=format&fit=crop&w=1000&q=80', 'Crockery', 'crockery', array['crockery', 'home', 'gifting']::text[], true, true, 'in_stock', 68),
  ((select id from public.categories where slug = 'crockery'), 'Premium Serving Platter', 'premium-serving-platter', 'KB-CR-1103', 'A serving platter designed for festive tables and special meals.', 'A serving platter designed for festive tables and special meals.', 1799.00, 2199.00, 'Premium Pick', 4.6, null, null, 'https://images.unsplash.com/photo-1516594798947-e65505dbb29d?auto=format&fit=crop&w=1000&q=80', 'Crockery', 'crockery', array['crockery', 'home', 'gifting']::text[], false, true, 'in_stock', 69),
  ((select id from public.categories where slug = 'crockery'), 'Glass Dessert Bowl Set', 'glass-dessert-bowl-set', 'KB-CR-1104', 'A dessert bowl set for celebrations and everyday hosting.', 'A dessert bowl set for celebrations and everyday hosting.', 999.00, 1299.00, 'Dining Edit', 4.7, null, null, 'https://images.unsplash.com/photo-1516594798947-e65505dbb29d?auto=format&fit=crop&w=1000&q=80', 'Crockery', 'crockery', array['crockery', 'home', 'gifting']::text[], false, true, 'in_stock', 70),
  ((select id from public.categories where slug = 'crockery'), 'Decorative Tea Kettle', 'decorative-tea-kettle', 'KB-CR-1105', 'A decorative kettle selected for home decor and gifting.', 'A decorative kettle selected for home decor and gifting.', 2199.00, 2699.00, 'Gift Pick', 4.8, null, null, 'https://images.unsplash.com/photo-1516594798947-e65505dbb29d?auto=format&fit=crop&w=1000&q=80', 'Crockery', 'crockery', array['crockery', 'home', 'gifting']::text[], false, true, 'in_stock', 71),
  ((select id from public.categories where slug = 'imported-items'), 'Imported Beauty Organizer', 'imported-beauty-organizer', 'KB-IM-1201', 'A premium imported organizer for beauty and daily essentials.', 'A premium imported organizer for beauty and daily essentials.', 1499.00, 1899.00, 'Imported Pick', 4.9, null, null, 'https://images.unsplash.com/photo-1513885535751-8b9238bd345a?auto=format&fit=crop&w=1000&q=80', 'Imported Items', 'imported-items', array['imported', 'premium', 'novelty']::text[], true, true, 'in_stock', 72),
  ((select id from public.categories where slug = 'imported-items'), 'Novelty Gift Clock', 'novelty-gift-clock', 'KB-IM-1202', 'A novelty clock selected for distinctive home gifting.', 'A novelty clock selected for distinctive home gifting.', 1299.00, 1599.00, 'Gift Pick', 4.6, null, null, 'https://images.unsplash.com/photo-1513885535751-8b9238bd345a?auto=format&fit=crop&w=1000&q=80', 'Imported Items', 'imported-items', array['imported', 'premium', 'novelty']::text[], true, true, 'in_stock', 73),
  ((select id from public.categories where slug = 'imported-items'), 'Premium Aroma Diffuser', 'premium-aroma-diffuser', 'KB-IM-1203', 'An aroma diffuser with premium styling and gift appeal.', 'An aroma diffuser with premium styling and gift appeal.', 1899.00, 2399.00, 'Home Edit', 4.7, null, null, 'https://images.unsplash.com/photo-1513885535751-8b9238bd345a?auto=format&fit=crop&w=1000&q=80', 'Imported Items', 'imported-items', array['imported', 'premium', 'novelty']::text[], false, true, 'in_stock', 74),
  ((select id from public.categories where slug = 'imported-items'), 'Imported Travel Pouch', 'imported-travel-pouch', 'KB-IM-1204', 'A compact imported pouch for travel, gifting and daily use.', 'A compact imported pouch for travel, gifting and daily use.', 899.00, 1199.00, 'Useful Pick', 4.8, null, null, 'https://images.unsplash.com/photo-1513885535751-8b9238bd345a?auto=format&fit=crop&w=1000&q=80', 'Imported Items', 'imported-items', array['imported', 'premium', 'novelty']::text[], false, true, 'in_stock', 75),
  ((select id from public.categories where slug = 'imported-items'), 'Decorative Imported Tray', 'decorative-imported-tray', 'KB-IM-1205', 'An imported tray for decor, serving and celebration gifting.', 'An imported tray for decor, serving and celebration gifting.', 1699.00, 2099.00, 'Premium Finds', 4.9, null, null, 'https://images.unsplash.com/photo-1513885535751-8b9238bd345a?auto=format&fit=crop&w=1000&q=80', 'Imported Items', 'imported-items', array['imported', 'premium', 'novelty']::text[], false, true, 'in_stock', 76)
on conflict (slug) do update set
  category_id = excluded.category_id,
  name = excluded.name,
  sku = excluded.sku,
  description = excluded.description,
  short_description = excluded.short_description,
  price = excluded.price,
  original_price = excluded.original_price,
  discount_label = excluded.discount_label,
  rating = excluded.rating,
  badge = excluded.badge,
  offer = excluded.offer,
  image_url = excluded.image_url,
  category_name = excluded.category_name,
  category_slug = excluded.category_slug,
  tags = excluded.tags,
  is_featured = excluded.is_featured,
  is_active = excluded.is_active,
  stock_status = excluded.stock_status,
  sort_order = excluded.sort_order;

delete from public.product_images where product_id in (select id from public.products where sku like 'KB-%');

insert into public.product_images (product_id, image_url, alt_text, sort_order)
values
  ((select id from public.products where slug = 'divine-spiritual-om-rakhi'), '/hero/raksha-bandhan-2026.png', 'Divine Spiritual Om Rakhi', 0),
  ((select id from public.products where slug = 'set-of-2-kids-rakhi'), '/hero/raksha-bandhan-2026.png', 'Set of 2 Kids Rakhi', 0),
  ((select id from public.products where slug = 'ek-onkar-bracelet-rakhi-for-brother'), 'https://images.unsplash.com/photo-1606760227091-3dd870d97f1d?auto=format&fit=crop&w=1000&q=80', 'Ek Onkar Bracelet Rakhi for Brother', 0),
  ((select id from public.products where slug = 'elegant-bhabhi-rakhi'), 'https://images.unsplash.com/photo-1601121141461-9d6647bca1ed?auto=format&fit=crop&w=1000&q=80', 'Elegant Bhabhi Rakhi', 0),
  ((select id from public.products where slug = 'set-of-two-rakhi-with-imported-chocolates-combo'), 'https://images.unsplash.com/photo-1548907040-4baa42d10919?auto=format&fit=crop&w=1000&q=80', 'Set of Two Rakhi with Imported Chocolates Combo', 0),
  ((select id from public.products where slug = 'ferrero-rochers-chocolate-16-pcs-pack'), 'https://images.unsplash.com/photo-1606312619070-d48b4c652a52?auto=format&fit=crop&w=1000&q=80', 'Ferrero Rochers Chocolate 16 Pcs Pack', 0),
  ((select id from public.products where slug = 'prosperous-festive-gift-hamper'), 'https://images.unsplash.com/photo-1513885535751-8b9238bd345a?auto=format&fit=crop&w=1000&q=80', 'Prosperous Festive Gift Hamper', 0),
  ((select id from public.products where slug = 'pearl-glow-jewellery-set'), 'https://images.unsplash.com/photo-1599643478518-a784e5dc4c8f?auto=format&fit=crop&w=1000&q=80', 'Pearl Glow Jewellery Set', 0),
  ((select id from public.products where slug = 'antique-gold-bangle-pair'), 'https://images.unsplash.com/photo-1611591437281-460bfbe1220a?auto=format&fit=crop&w=1000&q=80', 'Antique Gold Bangle Pair', 0),
  ((select id from public.products where slug = 'wine-evening-handbag'), 'https://images.unsplash.com/photo-1584917865442-de89df76afd3?auto=format&fit=crop&w=1000&q=80', 'Wine Evening Handbag', 0),
  ((select id from public.products where slug = 'rose-classic-watch'), 'https://images.unsplash.com/photo-1526045431048-f857369baa09?auto=format&fit=crop&w=1000&q=80', 'Rose Classic Watch', 0),
  ((select id from public.products where slug = 'golden-wedding-basket'), 'https://images.unsplash.com/photo-1511285560929-80b456fea0bc?auto=format&fit=crop&w=1000&q=80', 'Golden Wedding Basket', 0),
  ((select id from public.products where slug = 'crystal-fancy-keepsake'), 'https://images.unsplash.com/photo-1522338242992-e1a54906a8da?auto=format&fit=crop&w=1000&q=80', 'Crystal Fancy Keepsake', 0),
  ((select id from public.products where slug = 'everyday-glow-cosmetics-kit'), 'https://images.unsplash.com/photo-1522335789203-aabd1fc54bc9?auto=format&fit=crop&w=1000&q=80', 'Everyday Glow Cosmetics Kit', 0),
  ((select id from public.products where slug = 'festive-ladies-wear-dupatta'), 'https://images.unsplash.com/photo-1483985988355-763728e1935b?auto=format&fit=crop&w=1000&q=80', 'Festive Ladies'' Wear Dupatta', 0),
  ((select id from public.products where slug = 'elegant-crockery-tea-set'), 'https://images.unsplash.com/photo-1516594798947-e65505dbb29d?auto=format&fit=crop&w=1000&q=80', 'Elegant Crockery Tea Set', 0),
  ((select id from public.products where slug = 'imported-novelty-gift-box'), 'https://images.unsplash.com/photo-1513885535751-8b9238bd345a?auto=format&fit=crop&w=1000&q=80', 'Imported Novelty Gift Box', 0),
  ((select id from public.products where slug = 'royal-kundan-rakhi-set'), 'https://images.unsplash.com/photo-1601121141461-9d6647bca1ed?auto=format&fit=crop&w=1000&q=80', 'Royal Kundan Rakhi Set', 0),
  ((select id from public.products where slug = 'pearl-bead-rakhi-pair'), 'https://images.unsplash.com/photo-1601121141461-9d6647bca1ed?auto=format&fit=crop&w=1000&q=80', 'Pearl Bead Rakhi Pair', 0),
  ((select id from public.products where slug = 'designer-mauli-rakhi'), 'https://images.unsplash.com/photo-1601121141461-9d6647bca1ed?auto=format&fit=crop&w=1000&q=80', 'Designer Mauli Rakhi', 0),
  ((select id from public.products where slug = 'silver-charm-rakhi'), 'https://images.unsplash.com/photo-1601121141461-9d6647bca1ed?auto=format&fit=crop&w=1000&q=80', 'Silver Charm Rakhi', 0),
  ((select id from public.products where slug = 'kids-cartoon-rakhi-combo'), 'https://images.unsplash.com/photo-1601121141461-9d6647bca1ed?auto=format&fit=crop&w=1000&q=80', 'Kids Cartoon Rakhi Combo', 0),
  ((select id from public.products where slug = 'antique-pendant-jewellery-set'), 'https://images.unsplash.com/photo-1599643478518-a784e5dc4c8f?auto=format&fit=crop&w=1000&q=80', 'Antique Pendant Jewellery Set', 0),
  ((select id from public.products where slug = 'rose-pearl-earrings'), 'https://images.unsplash.com/photo-1599643478518-a784e5dc4c8f?auto=format&fit=crop&w=1000&q=80', 'Rose Pearl Earrings', 0),
  ((select id from public.products where slug = 'meenakari-choker-set'), 'https://images.unsplash.com/photo-1599643478518-a784e5dc4c8f?auto=format&fit=crop&w=1000&q=80', 'Meenakari Choker Set', 0),
  ((select id from public.products where slug = 'gold-tone-bracelet'), 'https://images.unsplash.com/photo-1599643478518-a784e5dc4c8f?auto=format&fit=crop&w=1000&q=80', 'Gold Tone Bracelet', 0),
  ((select id from public.products where slug = 'crystal-stud-combo'), 'https://images.unsplash.com/photo-1599643478518-a784e5dc4c8f?auto=format&fit=crop&w=1000&q=80', 'Crystal Stud Combo', 0),
  ((select id from public.products where slug = 'rose-gold-bangle-stack'), 'https://images.unsplash.com/photo-1611591437281-460bfbe1220a?auto=format&fit=crop&w=1000&q=80', 'Rose Gold Bangle Stack', 0),
  ((select id from public.products where slug = 'kundan-bridal-bangles'), 'https://images.unsplash.com/photo-1611591437281-460bfbe1220a?auto=format&fit=crop&w=1000&q=80', 'Kundan Bridal Bangles', 0),
  ((select id from public.products where slug = 'daily-wear-bangle-pair'), 'https://images.unsplash.com/photo-1611591437281-460bfbe1220a?auto=format&fit=crop&w=1000&q=80', 'Daily Wear Bangle Pair', 0),
  ((select id from public.products where slug = 'pearl-accent-bangles'), 'https://images.unsplash.com/photo-1611591437281-460bfbe1220a?auto=format&fit=crop&w=1000&q=80', 'Pearl Accent Bangles', 0),
  ((select id from public.products where slug = 'traditional-red-chooda-set'), 'https://images.unsplash.com/photo-1611591437281-460bfbe1220a?auto=format&fit=crop&w=1000&q=80', 'Traditional Red Chooda Set', 0),
  ((select id from public.products where slug = 'blush-quilted-sling-bag'), 'https://images.unsplash.com/photo-1584917865442-de89df76afd3?auto=format&fit=crop&w=1000&q=80', 'Blush Quilted Sling Bag', 0),
  ((select id from public.products where slug = 'classic-black-handbag'), 'https://images.unsplash.com/photo-1584917865442-de89df76afd3?auto=format&fit=crop&w=1000&q=80', 'Classic Black Handbag', 0),
  ((select id from public.products where slug = 'gold-chain-evening-clutch'), 'https://images.unsplash.com/photo-1584917865442-de89df76afd3?auto=format&fit=crop&w=1000&q=80', 'Gold Chain Evening Clutch', 0),
  ((select id from public.products where slug = 'tan-everyday-tote'), 'https://images.unsplash.com/photo-1584917865442-de89df76afd3?auto=format&fit=crop&w=1000&q=80', 'Tan Everyday Tote', 0),
  ((select id from public.products where slug = 'pearl-embellished-potli'), 'https://images.unsplash.com/photo-1584917865442-de89df76afd3?auto=format&fit=crop&w=1000&q=80', 'Pearl Embellished Potli', 0),
  ((select id from public.products where slug = 'gold-mesh-watch'), 'https://images.unsplash.com/photo-1526045431048-f857369baa09?auto=format&fit=crop&w=1000&q=80', 'Gold Mesh Watch', 0),
  ((select id from public.products where slug = 'minimal-rose-watch'), 'https://images.unsplash.com/photo-1526045431048-f857369baa09?auto=format&fit=crop&w=1000&q=80', 'Minimal Rose Watch', 0),
  ((select id from public.products where slug = 'classic-leather-watch'), 'https://images.unsplash.com/photo-1526045431048-f857369baa09?auto=format&fit=crop&w=1000&q=80', 'Classic Leather Watch', 0),
  ((select id from public.products where slug = 'crystal-dial-watch'), 'https://images.unsplash.com/photo-1526045431048-f857369baa09?auto=format&fit=crop&w=1000&q=80', 'Crystal Dial Watch', 0),
  ((select id from public.products where slug = 'couple-watch-gift-set'), 'https://images.unsplash.com/photo-1526045431048-f857369baa09?auto=format&fit=crop&w=1000&q=80', 'Couple Watch Gift Set', 0),
  ((select id from public.products where slug = 'decorative-crystal-showpiece'), 'https://images.unsplash.com/photo-1522338242992-e1a54906a8da?auto=format&fit=crop&w=1000&q=80', 'Decorative Crystal Showpiece', 0),
  ((select id from public.products where slug = 'premium-vanity-mirror'), 'https://images.unsplash.com/photo-1522338242992-e1a54906a8da?auto=format&fit=crop&w=1000&q=80', 'Premium Vanity Mirror', 0),
  ((select id from public.products where slug = 'elegant-keychain-gift-set'), 'https://images.unsplash.com/photo-1522338242992-e1a54906a8da?auto=format&fit=crop&w=1000&q=80', 'Elegant Keychain Gift Set', 0),
  ((select id from public.products where slug = 'scented-candle-jar'), 'https://images.unsplash.com/photo-1522338242992-e1a54906a8da?auto=format&fit=crop&w=1000&q=80', 'Scented Candle Jar', 0),
  ((select id from public.products where slug = 'mini-jewellery-organizer'), 'https://images.unsplash.com/photo-1522338242992-e1a54906a8da?auto=format&fit=crop&w=1000&q=80', 'Mini Jewellery Organizer', 0),
  ((select id from public.products where slug = 'velvet-wedding-basket'), 'https://images.unsplash.com/photo-1511285560929-80b456fea0bc?auto=format&fit=crop&w=1000&q=80', 'Velvet Wedding Basket', 0),
  ((select id from public.products where slug = 'floral-ceremony-basket'), 'https://images.unsplash.com/photo-1511285560929-80b456fea0bc?auto=format&fit=crop&w=1000&q=80', 'Floral Ceremony Basket', 0),
  ((select id from public.products where slug = 'gold-trim-gift-basket'), 'https://images.unsplash.com/photo-1511285560929-80b456fea0bc?auto=format&fit=crop&w=1000&q=80', 'Gold Trim Gift Basket', 0),
  ((select id from public.products where slug = 'bride-hamper-basket'), 'https://images.unsplash.com/photo-1511285560929-80b456fea0bc?auto=format&fit=crop&w=1000&q=80', 'Bride Hamper Basket', 0),
  ((select id from public.products where slug = 'traditional-pooja-basket'), 'https://images.unsplash.com/photo-1511285560929-80b456fea0bc?auto=format&fit=crop&w=1000&q=80', 'Traditional Pooja Basket', 0),
  ((select id from public.products where slug = 'premium-celebration-gift-box'), 'https://images.unsplash.com/photo-1512909006721-3d6018887383?auto=format&fit=crop&w=1000&q=80', 'Premium Celebration Gift Box', 0),
  ((select id from public.products where slug = 'dry-fruit-gift-tray'), 'https://images.unsplash.com/photo-1512909006721-3d6018887383?auto=format&fit=crop&w=1000&q=80', 'Dry Fruit Gift Tray', 0),
  ((select id from public.products where slug = 'chocolate-gift-basket'), 'https://images.unsplash.com/photo-1512909006721-3d6018887383?auto=format&fit=crop&w=1000&q=80', 'Chocolate Gift Basket', 0),
  ((select id from public.products where slug = 'personal-care-gift-set'), 'https://images.unsplash.com/photo-1512909006721-3d6018887383?auto=format&fit=crop&w=1000&q=80', 'Personal Care Gift Set', 0),
  ((select id from public.products where slug = 'luxury-keepsake-gift-hamper'), 'https://images.unsplash.com/photo-1512909006721-3d6018887383?auto=format&fit=crop&w=1000&q=80', 'Luxury Keepsake Gift Hamper', 0),
  ((select id from public.products where slug = 'soft-glam-makeup-kit'), 'https://images.unsplash.com/photo-1522335789203-aabd1fc54bc9?auto=format&fit=crop&w=1000&q=80', 'Soft Glam Makeup Kit', 0),
  ((select id from public.products where slug = 'matte-lip-color-set'), 'https://images.unsplash.com/photo-1522335789203-aabd1fc54bc9?auto=format&fit=crop&w=1000&q=80', 'Matte Lip Color Set', 0),
  ((select id from public.products where slug = 'glow-compact-powder'), 'https://images.unsplash.com/photo-1522335789203-aabd1fc54bc9?auto=format&fit=crop&w=1000&q=80', 'Glow Compact Powder', 0),
  ((select id from public.products where slug = 'beauty-brush-set'), 'https://images.unsplash.com/photo-1522335789203-aabd1fc54bc9?auto=format&fit=crop&w=1000&q=80', 'Beauty Brush Set', 0),
  ((select id from public.products where slug = 'festive-eye-palette'), 'https://images.unsplash.com/photo-1522335789203-aabd1fc54bc9?auto=format&fit=crop&w=1000&q=80', 'Festive Eye Palette', 0),
  ((select id from public.products where slug = 'printed-festive-kurti'), 'https://images.unsplash.com/photo-1483985988355-763728e1935b?auto=format&fit=crop&w=1000&q=80', 'Printed Festive Kurti', 0),
  ((select id from public.products where slug = 'embroidered-dupatta'), 'https://images.unsplash.com/photo-1483985988355-763728e1935b?auto=format&fit=crop&w=1000&q=80', 'Embroidered Dupatta', 0),
  ((select id from public.products where slug = 'boutique-scarf-set'), 'https://images.unsplash.com/photo-1483985988355-763728e1935b?auto=format&fit=crop&w=1000&q=80', 'Boutique Scarf Set', 0),
  ((select id from public.products where slug = 'elegant-stole-wrap'), 'https://images.unsplash.com/photo-1483985988355-763728e1935b?auto=format&fit=crop&w=1000&q=80', 'Elegant Stole Wrap', 0),
  ((select id from public.products where slug = 'occasion-wear-tunic'), 'https://images.unsplash.com/photo-1483985988355-763728e1935b?auto=format&fit=crop&w=1000&q=80', 'Occasion Wear Tunic', 0),
  ((select id from public.products where slug = 'floral-cup-saucer-set'), 'https://images.unsplash.com/photo-1516594798947-e65505dbb29d?auto=format&fit=crop&w=1000&q=80', 'Floral Cup Saucer Set', 0),
  ((select id from public.products where slug = 'ceramic-dinner-bowl-set'), 'https://images.unsplash.com/photo-1516594798947-e65505dbb29d?auto=format&fit=crop&w=1000&q=80', 'Ceramic Dinner Bowl Set', 0),
  ((select id from public.products where slug = 'premium-serving-platter'), 'https://images.unsplash.com/photo-1516594798947-e65505dbb29d?auto=format&fit=crop&w=1000&q=80', 'Premium Serving Platter', 0),
  ((select id from public.products where slug = 'glass-dessert-bowl-set'), 'https://images.unsplash.com/photo-1516594798947-e65505dbb29d?auto=format&fit=crop&w=1000&q=80', 'Glass Dessert Bowl Set', 0),
  ((select id from public.products where slug = 'decorative-tea-kettle'), 'https://images.unsplash.com/photo-1516594798947-e65505dbb29d?auto=format&fit=crop&w=1000&q=80', 'Decorative Tea Kettle', 0),
  ((select id from public.products where slug = 'imported-beauty-organizer'), 'https://images.unsplash.com/photo-1513885535751-8b9238bd345a?auto=format&fit=crop&w=1000&q=80', 'Imported Beauty Organizer', 0),
  ((select id from public.products where slug = 'novelty-gift-clock'), 'https://images.unsplash.com/photo-1513885535751-8b9238bd345a?auto=format&fit=crop&w=1000&q=80', 'Novelty Gift Clock', 0),
  ((select id from public.products where slug = 'premium-aroma-diffuser'), 'https://images.unsplash.com/photo-1513885535751-8b9238bd345a?auto=format&fit=crop&w=1000&q=80', 'Premium Aroma Diffuser', 0),
  ((select id from public.products where slug = 'imported-travel-pouch'), 'https://images.unsplash.com/photo-1513885535751-8b9238bd345a?auto=format&fit=crop&w=1000&q=80', 'Imported Travel Pouch', 0),
  ((select id from public.products where slug = 'decorative-imported-tray'), 'https://images.unsplash.com/photo-1513885535751-8b9238bd345a?auto=format&fit=crop&w=1000&q=80', 'Decorative Imported Tray', 0);

insert into public.seasonal_campaigns (name, slug, theme, is_active, start_date, end_date, hero_title, hero_subtitle, offer_label, featured_category_slugs, config)
values
  ('Raksha Bandhan 2026', 'raksha-bandhan-2026', 'raksha-bandhan', true, '2026-07-01', '2026-08-28', 'Raksha Bandhan Collection 2026 is Live', 'Celebrate the bond of love with Karari Beauty', '25% OFF ON YOUR FIRST RAKHI ORDER', array['rakhi', 'gift-items', 'wedding-baskets']::text[], '{"palette":"cream-blush-wine-gold","heroImage":"/hero/raksha-bandhan-2026.png"}')
on conflict (slug) do update set
  name = excluded.name,
  theme = excluded.theme,
  is_active = excluded.is_active,
  start_date = excluded.start_date,
  end_date = excluded.end_date,
  hero_title = excluded.hero_title,
  hero_subtitle = excluded.hero_subtitle,
  offer_label = excluded.offer_label,
  featured_category_slugs = excluded.featured_category_slugs,
  config = excluded.config;

commit;
